Age group,Below Value,Column,Number of Records,Percentage,Preference value,Row,Season
55+,False,1,1,0.01,4%,1,WINTER
35-54,False,1,1,0.01,6%,1,WINTER
18-34,False,1,1,0.01,13%,1,WINTER
55+,False,1,1,0.01,30%,1,FALL
35-54,False,1,1,0.01,31%,1,FALL
18-34,False,1,1,0.01,26%,1,FALL
55+,False,1,1,0.01,20%,1,SUMMER
35-54,False,1,1,0.01,27%,1,SUMMER
18-34,False,1,1,0.01,30%,1,SUMMER
55+,False,1,1,0.01,37%,1,SPRING
35-54,False,1,1,0.01,25%,1,SPRING
18-34,False,1,1,0.01,20%,1,SPRING
55+,False,2,1,0.02,4%,1,WINTER
35-54,False,2,1,0.02,6%,1,WINTER
18-34,False,2,1,0.02,13%,1,WINTER
55+,False,2,1,0.02,30%,1,FALL
35-54,False,2,1,0.02,31%,1,FALL
18-34,False,2,1,0.02,26%,1,FALL
55+,False,2,1,0.02,20%,1,SUMMER
35-54,False,2,1,0.02,27%,1,SUMMER
18-34,False,2,1,0.02,30%,1,SUMMER
55+,False,2,1,0.02,37%,1,SPRING
35-54,False,2,1,0.02,25%,1,SPRING
18-34,False,2,1,0.02,20%,1,SPRING
55+,False,3,1,0.03,4%,1,WINTER
35-54,False,3,1,0.03,6%,1,WINTER
18-34,False,3,1,0.03,13%,1,WINTER
55+,False,3,1,0.03,30%,1,FALL
35-54,False,3,1,0.03,31%,1,FALL
18-34,False,3,1,0.03,26%,1,FALL
55+,False,3,1,0.03,20%,1,SUMMER
35-54,False,3,1,0.03,27%,1,SUMMER
18-34,False,3,1,0.03,30%,1,SUMMER
55+,False,3,1,0.03,37%,1,SPRING
35-54,False,3,1,0.03,25%,1,SPRING
18-34,False,3,1,0.03,20%,1,SPRING
55+,False,4,1,0.04,4%,1,WINTER
35-54,False,4,1,0.04,6%,1,WINTER
18-34,False,4,1,0.04,13%,1,WINTER
55+,False,4,1,0.04,30%,1,FALL
35-54,False,4,1,0.04,31%,1,FALL
18-34,False,4,1,0.04,26%,1,FALL
55+,False,4,1,0.04,20%,1,SUMMER
35-54,False,4,1,0.04,27%,1,SUMMER
18-34,False,4,1,0.04,30%,1,SUMMER
55+,False,4,1,0.04,37%,1,SPRING
35-54,False,4,1,0.04,25%,1,SPRING
18-34,False,4,1,0.04,20%,1,SPRING
55+,True,5,1,0.05,4%,1,WINTER
35-54,False,5,1,0.05,6%,1,WINTER
18-34,False,5,1,0.05,13%,1,WINTER
55+,False,5,1,0.05,30%,1,FALL
35-54,False,5,1,0.05,31%,1,FALL
18-34,False,5,1,0.05,26%,1,FALL
55+,False,5,1,0.05,20%,1,SUMMER
35-54,False,5,1,0.05,27%,1,SUMMER
18-34,False,5,1,0.05,30%,1,SUMMER
55+,False,5,1,0.05,37%,1,SPRING
35-54,False,5,1,0.05,25%,1,SPRING
18-34,False,5,1,0.05,20%,1,SPRING
55+,True,6,1,0.06,4%,1,WINTER
35-54,False,6,1,0.06,6%,1,WINTER
18-34,False,6,1,0.06,13%,1,WINTER
55+,False,6,1,0.06,30%,1,FALL
35-54,False,6,1,0.06,31%,1,FALL
18-34,False,6,1,0.06,26%,1,FALL
55+,False,6,1,0.06,20%,1,SUMMER
35-54,False,6,1,0.06,27%,1,SUMMER
18-34,False,6,1,0.06,30%,1,SUMMER
55+,False,6,1,0.06,37%,1,SPRING
35-54,False,6,1,0.06,25%,1,SPRING
18-34,False,6,1,0.06,20%,1,SPRING
55+,True,7,1,0.07,4%,1,WINTER
35-54,True,7,1,0.07,6%,1,WINTER
18-34,False,7,1,0.07,13%,1,WINTER
55+,False,7,1,0.07,30%,1,FALL
35-54,False,7,1,0.07,31%,1,FALL
18-34,False,7,1,0.07,26%,1,FALL
55+,False,7,1,0.07,20%,1,SUMMER
35-54,False,7,1,0.07,27%,1,SUMMER
18-34,False,7,1,0.07,30%,1,SUMMER
55+,False,7,1,0.07,37%,1,SPRING
35-54,False,7,1,0.07,25%,1,SPRING
18-34,False,7,1,0.07,20%,1,SPRING
55+,True,8,1,0.08,4%,1,WINTER
35-54,True,8,1,0.08,6%,1,WINTER
18-34,False,8,1,0.08,13%,1,WINTER
55+,False,8,1,0.08,30%,1,FALL
35-54,False,8,1,0.08,31%,1,FALL
18-34,False,8,1,0.08,26%,1,FALL
55+,False,8,1,0.08,20%,1,SUMMER
35-54,False,8,1,0.08,27%,1,SUMMER
18-34,False,8,1,0.08,30%,1,SUMMER
55+,False,8,1,0.08,37%,1,SPRING
35-54,False,8,1,0.08,25%,1,SPRING
18-34,False,8,1,0.08,20%,1,SPRING
55+,True,9,1,0.09,4%,1,WINTER
35-54,True,9,1,0.09,6%,1,WINTER
18-34,False,9,1,0.09,13%,1,WINTER
55+,False,9,1,0.09,30%,1,FALL
35-54,False,9,1,0.09,31%,1,FALL
18-34,False,9,1,0.09,26%,1,FALL
55+,False,9,1,0.09,20%,1,SUMMER
35-54,False,9,1,0.09,27%,1,SUMMER
18-34,False,9,1,0.09,30%,1,SUMMER
55+,False,9,1,0.09,37%,1,SPRING
35-54,False,9,1,0.09,25%,1,SPRING
18-34,False,9,1,0.09,20%,1,SPRING
55+,True,10,1,0.1,4%,1,WINTER
35-54,True,10,1,0.1,6%,1,WINTER
18-34,False,10,1,0.1,13%,1,WINTER
55+,False,10,1,0.1,30%,1,FALL
35-54,False,10,1,0.1,31%,1,FALL
18-34,False,10,1,0.1,26%,1,FALL
55+,False,10,1,0.1,20%,1,SUMMER
35-54,False,10,1,0.1,27%,1,SUMMER
18-34,False,10,1,0.1,30%,1,SUMMER
55+,False,10,1,0.1,37%,1,SPRING
35-54,False,10,1,0.1,25%,1,SPRING
18-34,False,10,1,0.1,20%,1,SPRING
55+,True,1,1,0.11,4%,2,WINTER
35-54,True,1,1,0.11,6%,2,WINTER
18-34,False,1,1,0.11,13%,2,WINTER
55+,False,1,1,0.11,30%,2,FALL
35-54,False,1,1,0.11,31%,2,FALL
18-34,False,1,1,0.11,26%,2,FALL
55+,False,1,1,0.11,20%,2,SUMMER
35-54,False,1,1,0.11,27%,2,SUMMER
18-34,False,1,1,0.11,30%,2,SUMMER
55+,False,1,1,0.11,37%,2,SPRING
35-54,False,1,1,0.11,25%,2,SPRING
18-34,False,1,1,0.11,20%,2,SPRING
55+,True,2,1,0.12,4%,2,WINTER
35-54,True,2,1,0.12,6%,2,WINTER
18-34,False,2,1,0.12,13%,2,WINTER
55+,False,2,1,0.12,30%,2,FALL
35-54,False,2,1,0.12,31%,2,FALL
18-34,False,2,1,0.12,26%,2,FALL
55+,False,2,1,0.12,20%,2,SUMMER
35-54,False,2,1,0.12,27%,2,SUMMER
18-34,False,2,1,0.12,30%,2,SUMMER
55+,False,2,1,0.12,37%,2,SPRING
35-54,False,2,1,0.12,25%,2,SPRING
18-34,False,2,1,0.12,20%,2,SPRING
55+,True,3,1,0.13,4%,2,WINTER
35-54,True,3,1,0.13,6%,2,WINTER
18-34,False,3,1,0.13,13%,2,WINTER
55+,False,3,1,0.13,30%,2,FALL
35-54,False,3,1,0.13,31%,2,FALL
18-34,False,3,1,0.13,26%,2,FALL
55+,False,3,1,0.13,20%,2,SUMMER
35-54,False,3,1,0.13,27%,2,SUMMER
18-34,False,3,1,0.13,30%,2,SUMMER
55+,False,3,1,0.13,37%,2,SPRING
35-54,False,3,1,0.13,25%,2,SPRING
18-34,False,3,1,0.13,20%,2,SPRING
55+,True,4,1,0.14,4%,2,WINTER
35-54,True,4,1,0.14,6%,2,WINTER
18-34,True,4,1,0.14,13%,2,WINTER
55+,False,4,1,0.14,30%,2,FALL
35-54,False,4,1,0.14,31%,2,FALL
18-34,False,4,1,0.14,26%,2,FALL
55+,False,4,1,0.14,20%,2,SUMMER
35-54,False,4,1,0.14,27%,2,SUMMER
18-34,False,4,1,0.14,30%,2,SUMMER
55+,False,4,1,0.14,37%,2,SPRING
35-54,False,4,1,0.14,25%,2,SPRING
18-34,False,4,1,0.14,20%,2,SPRING
55+,True,5,1,0.15,4%,2,WINTER
35-54,True,5,1,0.15,6%,2,WINTER
18-34,True,5,1,0.15,13%,2,WINTER
55+,False,5,1,0.15,30%,2,FALL
35-54,False,5,1,0.15,31%,2,FALL
18-34,False,5,1,0.15,26%,2,FALL
55+,False,5,1,0.15,20%,2,SUMMER
35-54,False,5,1,0.15,27%,2,SUMMER
18-34,False,5,1,0.15,30%,2,SUMMER
55+,False,5,1,0.15,37%,2,SPRING
35-54,False,5,1,0.15,25%,2,SPRING
18-34,False,5,1,0.15,20%,2,SPRING
55+,True,6,1,0.16,4%,2,WINTER
35-54,True,6,1,0.16,6%,2,WINTER
18-34,True,6,1,0.16,13%,2,WINTER
55+,False,6,1,0.16,30%,2,FALL
35-54,False,6,1,0.16,31%,2,FALL
18-34,False,6,1,0.16,26%,2,FALL
55+,False,6,1,0.16,20%,2,SUMMER
35-54,False,6,1,0.16,27%,2,SUMMER
18-34,False,6,1,0.16,30%,2,SUMMER
55+,False,6,1,0.16,37%,2,SPRING
35-54,False,6,1,0.16,25%,2,SPRING
18-34,False,6,1,0.16,20%,2,SPRING
55+,True,7,1,0.17,4%,2,WINTER
35-54,True,7,1,0.17,6%,2,WINTER
18-34,True,7,1,0.17,13%,2,WINTER
55+,False,7,1,0.17,30%,2,FALL
35-54,False,7,1,0.17,31%,2,FALL
18-34,False,7,1,0.17,26%,2,FALL
55+,False,7,1,0.17,20%,2,SUMMER
35-54,False,7,1,0.17,27%,2,SUMMER
18-34,False,7,1,0.17,30%,2,SUMMER
55+,False,7,1,0.17,37%,2,SPRING
35-54,False,7,1,0.17,25%,2,SPRING
18-34,False,7,1,0.17,20%,2,SPRING
55+,True,8,1,0.18,4%,2,WINTER
35-54,True,8,1,0.18,6%,2,WINTER
18-34,True,8,1,0.18,13%,2,WINTER
55+,False,8,1,0.18,30%,2,FALL
35-54,False,8,1,0.18,31%,2,FALL
18-34,False,8,1,0.18,26%,2,FALL
55+,False,8,1,0.18,20%,2,SUMMER
35-54,False,8,1,0.18,27%,2,SUMMER
18-34,False,8,1,0.18,30%,2,SUMMER
55+,False,8,1,0.18,37%,2,SPRING
35-54,False,8,1,0.18,25%,2,SPRING
18-34,False,8,1,0.18,20%,2,SPRING
55+,True,9,1,0.19,4%,2,WINTER
35-54,True,9,1,0.19,6%,2,WINTER
18-34,True,9,1,0.19,13%,2,WINTER
55+,False,9,1,0.19,30%,2,FALL
35-54,False,9,1,0.19,31%,2,FALL
18-34,False,9,1,0.19,26%,2,FALL
55+,False,9,1,0.19,20%,2,SUMMER
35-54,False,9,1,0.19,27%,2,SUMMER
18-34,False,9,1,0.19,30%,2,SUMMER
55+,False,9,1,0.19,37%,2,SPRING
35-54,False,9,1,0.19,25%,2,SPRING
18-34,False,9,1,0.19,20%,2,SPRING
55+,True,10,1,0.2,4%,2,WINTER
35-54,True,10,1,0.2,6%,2,WINTER
18-34,True,10,1,0.2,13%,2,WINTER
55+,False,10,1,0.2,30%,2,FALL
35-54,False,10,1,0.2,31%,2,FALL
18-34,False,10,1,0.2,26%,2,FALL
55+,False,10,1,0.2,20%,2,SUMMER
35-54,False,10,1,0.2,27%,2,SUMMER
18-34,False,10,1,0.2,30%,2,SUMMER
55+,False,10,1,0.2,37%,2,SPRING
35-54,False,10,1,0.2,25%,2,SPRING
18-34,False,10,1,0.2,20%,2,SPRING
55+,True,1,1,0.21,4%,3,WINTER
35-54,True,1,1,0.21,6%,3,WINTER
18-34,True,1,1,0.21,13%,3,WINTER
55+,False,1,1,0.21,30%,3,FALL
35-54,False,1,1,0.21,31%,3,FALL
18-34,False,1,1,0.21,26%,3,FALL
55+,False,1,1,0.21,20%,3,SUMMER
35-54,False,1,1,0.21,27%,3,SUMMER
18-34,False,1,1,0.21,30%,3,SUMMER
55+,False,1,1,0.21,37%,3,SPRING
35-54,False,1,1,0.21,25%,3,SPRING
18-34,False,1,1,0.21,20%,3,SPRING
55+,True,2,1,0.22,4%,3,WINTER
35-54,True,2,1,0.22,6%,3,WINTER
18-34,True,2,1,0.22,13%,3,WINTER
55+,False,2,1,0.22,30%,3,FALL
35-54,False,2,1,0.22,31%,3,FALL
18-34,False,2,1,0.22,26%,3,FALL
55+,True,2,1,0.22,20%,3,SUMMER
35-54,False,2,1,0.22,27%,3,SUMMER
18-34,False,2,1,0.22,30%,3,SUMMER
55+,False,2,1,0.22,37%,3,SPRING
35-54,False,2,1,0.22,25%,3,SPRING
18-34,True,2,1,0.22,20%,3,SPRING
55+,True,3,1,0.23,4%,3,WINTER
35-54,True,3,1,0.23,6%,3,WINTER
18-34,True,3,1,0.23,13%,3,WINTER
55+,False,3,1,0.23,30%,3,FALL
35-54,False,3,1,0.23,31%,3,FALL
18-34,False,3,1,0.23,26%,3,FALL
55+,True,3,1,0.23,20%,3,SUMMER
35-54,False,3,1,0.23,27%,3,SUMMER
18-34,False,3,1,0.23,30%,3,SUMMER
55+,False,3,1,0.23,37%,3,SPRING
35-54,False,3,1,0.23,25%,3,SPRING
18-34,True,3,1,0.23,20%,3,SPRING
55+,True,4,1,0.24,4%,3,WINTER
35-54,True,4,1,0.24,6%,3,WINTER
18-34,True,4,1,0.24,13%,3,WINTER
55+,False,4,1,0.24,30%,3,FALL
35-54,False,4,1,0.24,31%,3,FALL
18-34,False,4,1,0.24,26%,3,FALL
55+,True,4,1,0.24,20%,3,SUMMER
35-54,False,4,1,0.24,27%,3,SUMMER
18-34,False,4,1,0.24,30%,3,SUMMER
55+,False,4,1,0.24,37%,3,SPRING
35-54,False,4,1,0.24,25%,3,SPRING
18-34,True,4,1,0.24,20%,3,SPRING
55+,True,5,1,0.25,4%,3,WINTER
35-54,True,5,1,0.25,6%,3,WINTER
18-34,True,5,1,0.25,13%,3,WINTER
55+,False,5,1,0.25,30%,3,FALL
35-54,False,5,1,0.25,31%,3,FALL
18-34,False,5,1,0.25,26%,3,FALL
55+,True,5,1,0.25,20%,3,SUMMER
35-54,False,5,1,0.25,27%,3,SUMMER
18-34,False,5,1,0.25,30%,3,SUMMER
55+,False,5,1,0.25,37%,3,SPRING
35-54,False,5,1,0.25,25%,3,SPRING
18-34,True,5,1,0.25,20%,3,SPRING
55+,True,6,1,0.26,4%,3,WINTER
35-54,True,6,1,0.26,6%,3,WINTER
18-34,True,6,1,0.26,13%,3,WINTER
55+,False,6,1,0.26,30%,3,FALL
35-54,False,6,1,0.26,31%,3,FALL
18-34,False,6,1,0.26,26%,3,FALL
55+,True,6,1,0.26,20%,3,SUMMER
35-54,False,6,1,0.26,27%,3,SUMMER
18-34,False,6,1,0.26,30%,3,SUMMER
55+,False,6,1,0.26,37%,3,SPRING
35-54,True,6,1,0.26,25%,3,SPRING
18-34,True,6,1,0.26,20%,3,SPRING
55+,True,7,1,0.27,4%,3,WINTER
35-54,True,7,1,0.27,6%,3,WINTER
18-34,True,7,1,0.27,13%,3,WINTER
55+,False,7,1,0.27,30%,3,FALL
35-54,False,7,1,0.27,31%,3,FALL
18-34,True,7,1,0.27,26%,3,FALL
55+,True,7,1,0.27,20%,3,SUMMER
35-54,False,7,1,0.27,27%,3,SUMMER
18-34,False,7,1,0.27,30%,3,SUMMER
55+,False,7,1,0.27,37%,3,SPRING
35-54,True,7,1,0.27,25%,3,SPRING
18-34,True,7,1,0.27,20%,3,SPRING
55+,True,8,1,0.28,4%,3,WINTER
35-54,True,8,1,0.28,6%,3,WINTER
18-34,True,8,1,0.28,13%,3,WINTER
55+,False,8,1,0.28,30%,3,FALL
35-54,False,8,1,0.28,31%,3,FALL
18-34,True,8,1,0.28,26%,3,FALL
55+,True,8,1,0.28,20%,3,SUMMER
35-54,True,8,1,0.28,27%,3,SUMMER
18-34,False,8,1,0.28,30%,3,SUMMER
55+,False,8,1,0.28,37%,3,SPRING
35-54,True,8,1,0.28,25%,3,SPRING
18-34,True,8,1,0.28,20%,3,SPRING
55+,True,9,1,0.29,4%,3,WINTER
35-54,True,9,1,0.29,6%,3,WINTER
18-34,True,9,1,0.29,13%,3,WINTER
55+,False,9,1,0.29,30%,3,FALL
35-54,False,9,1,0.29,31%,3,FALL
18-34,True,9,1,0.29,26%,3,FALL
55+,True,9,1,0.29,20%,3,SUMMER
35-54,True,9,1,0.29,27%,3,SUMMER
18-34,False,9,1,0.29,30%,3,SUMMER
55+,False,9,1,0.29,37%,3,SPRING
35-54,True,9,1,0.29,25%,3,SPRING
18-34,True,9,1,0.29,20%,3,SPRING
55+,True,10,1,0.3,4%,3,WINTER
35-54,True,10,1,0.3,6%,3,WINTER
18-34,True,10,1,0.3,13%,3,WINTER
55+,False,10,1,0.3,30%,3,FALL
35-54,False,10,1,0.3,31%,3,FALL
18-34,True,10,1,0.3,26%,3,FALL
55+,True,10,1,0.3,20%,3,SUMMER
35-54,True,10,1,0.3,27%,3,SUMMER
18-34,False,10,1,0.3,30%,3,SUMMER
55+,False,10,1,0.3,37%,3,SPRING
35-54,True,10,1,0.3,25%,3,SPRING
18-34,True,10,1,0.3,20%,3,SPRING
55+,True,1,1,0.31,4%,4,WINTER
35-54,True,1,1,0.31,6%,4,WINTER
18-34,True,1,1,0.31,13%,4,WINTER
55+,True,1,1,0.31,30%,4,FALL
35-54,False,1,1,0.31,31%,4,FALL
18-34,True,1,1,0.31,26%,4,FALL
55+,True,1,1,0.31,20%,4,SUMMER
35-54,True,1,1,0.31,27%,4,SUMMER
18-34,True,1,1,0.31,30%,4,SUMMER
55+,False,1,1,0.31,37%,4,SPRING
35-54,True,1,1,0.31,25%,4,SPRING
18-34,True,1,1,0.31,20%,4,SPRING
55+,True,2,1,0.32,4%,4,WINTER
35-54,True,2,1,0.32,6%,4,WINTER
18-34,True,2,1,0.32,13%,4,WINTER
55+,True,2,1,0.32,30%,4,FALL
35-54,True,2,1,0.32,31%,4,FALL
18-34,True,2,1,0.32,26%,4,FALL
55+,True,2,1,0.32,20%,4,SUMMER
35-54,True,2,1,0.32,27%,4,SUMMER
18-34,True,2,1,0.32,30%,4,SUMMER
55+,False,2,1,0.32,37%,4,SPRING
35-54,True,2,1,0.32,25%,4,SPRING
18-34,True,2,1,0.32,20%,4,SPRING
55+,True,3,1,0.33,4%,4,WINTER
35-54,True,3,1,0.33,6%,4,WINTER
18-34,True,3,1,0.33,13%,4,WINTER
55+,True,3,1,0.33,30%,4,FALL
35-54,True,3,1,0.33,31%,4,FALL
18-34,True,3,1,0.33,26%,4,FALL
55+,True,3,1,0.33,20%,4,SUMMER
35-54,True,3,1,0.33,27%,4,SUMMER
18-34,True,3,1,0.33,30%,4,SUMMER
55+,False,3,1,0.33,37%,4,SPRING
35-54,True,3,1,0.33,25%,4,SPRING
18-34,True,3,1,0.33,20%,4,SPRING
55+,True,4,1,0.34,4%,4,WINTER
35-54,True,4,1,0.34,6%,4,WINTER
18-34,True,4,1,0.34,13%,4,WINTER
55+,True,4,1,0.34,30%,4,FALL
35-54,True,4,1,0.34,31%,4,FALL
18-34,True,4,1,0.34,26%,4,FALL
55+,True,4,1,0.34,20%,4,SUMMER
35-54,True,4,1,0.34,27%,4,SUMMER
18-34,True,4,1,0.34,30%,4,SUMMER
55+,False,4,1,0.34,37%,4,SPRING
35-54,True,4,1,0.34,25%,4,SPRING
18-34,True,4,1,0.34,20%,4,SPRING
55+,True,5,1,0.35,4%,4,WINTER
35-54,True,5,1,0.35,6%,4,WINTER
18-34,True,5,1,0.35,13%,4,WINTER
55+,True,5,1,0.35,30%,4,FALL
35-54,True,5,1,0.35,31%,4,FALL
18-34,True,5,1,0.35,26%,4,FALL
55+,True,5,1,0.35,20%,4,SUMMER
35-54,True,5,1,0.35,27%,4,SUMMER
18-34,True,5,1,0.35,30%,4,SUMMER
55+,False,5,1,0.35,37%,4,SPRING
35-54,True,5,1,0.35,25%,4,SPRING
18-34,True,5,1,0.35,20%,4,SPRING
55+,True,6,1,0.36,4%,4,WINTER
35-54,True,6,1,0.36,6%,4,WINTER
18-34,True,6,1,0.36,13%,4,WINTER
55+,True,6,1,0.36,30%,4,FALL
35-54,True,6,1,0.36,31%,4,FALL
18-34,True,6,1,0.36,26%,4,FALL
55+,True,6,1,0.36,20%,4,SUMMER
35-54,True,6,1,0.36,27%,4,SUMMER
18-34,True,6,1,0.36,30%,4,SUMMER
55+,False,6,1,0.36,37%,4,SPRING
35-54,True,6,1,0.36,25%,4,SPRING
18-34,True,6,1,0.36,20%,4,SPRING
55+,True,7,1,0.37,4%,4,WINTER
35-54,True,7,1,0.37,6%,4,WINTER
18-34,True,7,1,0.37,13%,4,WINTER
55+,True,7,1,0.37,30%,4,FALL
35-54,True,7,1,0.37,31%,4,FALL
18-34,True,7,1,0.37,26%,4,FALL
55+,True,7,1,0.37,20%,4,SUMMER
35-54,True,7,1,0.37,27%,4,SUMMER
18-34,True,7,1,0.37,30%,4,SUMMER
55+,False,7,1,0.37,37%,4,SPRING
35-54,True,7,1,0.37,25%,4,SPRING
18-34,True,7,1,0.37,20%,4,SPRING
55+,True,8,1,0.38,4%,4,WINTER
35-54,True,8,1,0.38,6%,4,WINTER
18-34,True,8,1,0.38,13%,4,WINTER
55+,True,8,1,0.38,30%,4,FALL
35-54,True,8,1,0.38,31%,4,FALL
18-34,True,8,1,0.38,26%,4,FALL
55+,True,8,1,0.38,20%,4,SUMMER
35-54,True,8,1,0.38,27%,4,SUMMER
18-34,True,8,1,0.38,30%,4,SUMMER
55+,True,8,1,0.38,37%,4,SPRING
35-54,True,8,1,0.38,25%,4,SPRING
18-34,True,8,1,0.38,20%,4,SPRING
55+,True,9,1,0.39,4%,4,WINTER
35-54,True,9,1,0.39,6%,4,WINTER
18-34,True,9,1,0.39,13%,4,WINTER
55+,True,9,1,0.39,30%,4,FALL
35-54,True,9,1,0.39,31%,4,FALL
18-34,True,9,1,0.39,26%,4,FALL
55+,True,9,1,0.39,20%,4,SUMMER
35-54,True,9,1,0.39,27%,4,SUMMER
18-34,True,9,1,0.39,30%,4,SUMMER
55+,True,9,1,0.39,37%,4,SPRING
35-54,True,9,1,0.39,25%,4,SPRING
18-34,True,9,1,0.39,20%,4,SPRING
55+,True,10,1,0.4,4%,4,WINTER
35-54,True,10,1,0.4,6%,4,WINTER
18-34,True,10,1,0.4,13%,4,WINTER
55+,True,10,1,0.4,30%,4,FALL
35-54,True,10,1,0.4,31%,4,FALL
18-34,True,10,1,0.4,26%,4,FALL
55+,True,10,1,0.4,20%,4,SUMMER
35-54,True,10,1,0.4,27%,4,SUMMER
18-34,True,10,1,0.4,30%,4,SUMMER
55+,True,10,1,0.4,37%,4,SPRING
35-54,True,10,1,0.4,25%,4,SPRING
18-34,True,10,1,0.4,20%,4,SPRING
55+,True,1,1,0.41,4%,5,WINTER
35-54,True,1,1,0.41,6%,5,WINTER
18-34,True,1,1,0.41,13%,5,WINTER
55+,True,1,1,0.41,30%,5,FALL
35-54,True,1,1,0.41,31%,5,FALL
18-34,True,1,1,0.41,26%,5,FALL
55+,True,1,1,0.41,20%,5,SUMMER
35-54,True,1,1,0.41,27%,5,SUMMER
18-34,True,1,1,0.41,30%,5,SUMMER
55+,True,1,1,0.41,37%,5,SPRING
35-54,True,1,1,0.41,25%,5,SPRING
18-34,True,1,1,0.41,20%,5,SPRING
55+,True,2,1,0.42,4%,5,WINTER
35-54,True,2,1,0.42,6%,5,WINTER
18-34,True,2,1,0.42,13%,5,WINTER
55+,True,2,1,0.42,30%,5,FALL
35-54,True,2,1,0.42,31%,5,FALL
18-34,True,2,1,0.42,26%,5,FALL
55+,True,2,1,0.42,20%,5,SUMMER
35-54,True,2,1,0.42,27%,5,SUMMER
18-34,True,2,1,0.42,30%,5,SUMMER
55+,True,2,1,0.42,37%,5,SPRING
35-54,True,2,1,0.42,25%,5,SPRING
18-34,True,2,1,0.42,20%,5,SPRING
55+,True,3,1,0.43,4%,5,WINTER
35-54,True,3,1,0.43,6%,5,WINTER
18-34,True,3,1,0.43,13%,5,WINTER
55+,True,3,1,0.43,30%,5,FALL
35-54,True,3,1,0.43,31%,5,FALL
18-34,True,3,1,0.43,26%,5,FALL
55+,True,3,1,0.43,20%,5,SUMMER
35-54,True,3,1,0.43,27%,5,SUMMER
18-34,True,3,1,0.43,30%,5,SUMMER
55+,True,3,1,0.43,37%,5,SPRING
35-54,True,3,1,0.43,25%,5,SPRING
18-34,True,3,1,0.43,20%,5,SPRING
55+,True,4,1,0.44,4%,5,WINTER
35-54,True,4,1,0.44,6%,5,WINTER
18-34,True,4,1,0.44,13%,5,WINTER
55+,True,4,1,0.44,30%,5,FALL
35-54,True,4,1,0.44,31%,5,FALL
18-34,True,4,1,0.44,26%,5,FALL
55+,True,4,1,0.44,20%,5,SUMMER
35-54,True,4,1,0.44,27%,5,SUMMER
18-34,True,4,1,0.44,30%,5,SUMMER
55+,True,4,1,0.44,37%,5,SPRING
35-54,True,4,1,0.44,25%,5,SPRING
18-34,True,4,1,0.44,20%,5,SPRING
55+,True,5,1,0.45,4%,5,WINTER
35-54,True,5,1,0.45,6%,5,WINTER
18-34,True,5,1,0.45,13%,5,WINTER
55+,True,5,1,0.45,30%,5,FALL
35-54,True,5,1,0.45,31%,5,FALL
18-34,True,5,1,0.45,26%,5,FALL
55+,True,5,1,0.45,20%,5,SUMMER
35-54,True,5,1,0.45,27%,5,SUMMER
18-34,True,5,1,0.45,30%,5,SUMMER
55+,True,5,1,0.45,37%,5,SPRING
35-54,True,5,1,0.45,25%,5,SPRING
18-34,True,5,1,0.45,20%,5,SPRING
55+,True,6,1,0.46,4%,5,WINTER
35-54,True,6,1,0.46,6%,5,WINTER
18-34,True,6,1,0.46,13%,5,WINTER
55+,True,6,1,0.46,30%,5,FALL
35-54,True,6,1,0.46,31%,5,FALL
18-34,True,6,1,0.46,26%,5,FALL
55+,True,6,1,0.46,20%,5,SUMMER
35-54,True,6,1,0.46,27%,5,SUMMER
18-34,True,6,1,0.46,30%,5,SUMMER
55+,True,6,1,0.46,37%,5,SPRING
35-54,True,6,1,0.46,25%,5,SPRING
18-34,True,6,1,0.46,20%,5,SPRING
55+,True,7,1,0.47,4%,5,WINTER
35-54,True,7,1,0.47,6%,5,WINTER
18-34,True,7,1,0.47,13%,5,WINTER
55+,True,7,1,0.47,30%,5,FALL
35-54,True,7,1,0.47,31%,5,FALL
18-34,True,7,1,0.47,26%,5,FALL
55+,True,7,1,0.47,20%,5,SUMMER
35-54,True,7,1,0.47,27%,5,SUMMER
18-34,True,7,1,0.47,30%,5,SUMMER
55+,True,7,1,0.47,37%,5,SPRING
35-54,True,7,1,0.47,25%,5,SPRING
18-34,True,7,1,0.47,20%,5,SPRING
55+,True,8,1,0.48,4%,5,WINTER
35-54,True,8,1,0.48,6%,5,WINTER
18-34,True,8,1,0.48,13%,5,WINTER
55+,True,8,1,0.48,30%,5,FALL
35-54,True,8,1,0.48,31%,5,FALL
18-34,True,8,1,0.48,26%,5,FALL
55+,True,8,1,0.48,20%,5,SUMMER
35-54,True,8,1,0.48,27%,5,SUMMER
18-34,True,8,1,0.48,30%,5,SUMMER
55+,True,8,1,0.48,37%,5,SPRING
35-54,True,8,1,0.48,25%,5,SPRING
18-34,True,8,1,0.48,20%,5,SPRING
55+,True,9,1,0.49,4%,5,WINTER
35-54,True,9,1,0.49,6%,5,WINTER
18-34,True,9,1,0.49,13%,5,WINTER
55+,True,9,1,0.49,30%,5,FALL
35-54,True,9,1,0.49,31%,5,FALL
18-34,True,9,1,0.49,26%,5,FALL
55+,True,9,1,0.49,20%,5,SUMMER
35-54,True,9,1,0.49,27%,5,SUMMER
18-34,True,9,1,0.49,30%,5,SUMMER
55+,True,9,1,0.49,37%,5,SPRING
35-54,True,9,1,0.49,25%,5,SPRING
18-34,True,9,1,0.49,20%,5,SPRING
55+,True,10,1,0.5,4%,5,WINTER
35-54,True,10,1,0.5,6%,5,WINTER
18-34,True,10,1,0.5,13%,5,WINTER
55+,True,10,1,0.5,30%,5,FALL
35-54,True,10,1,0.5,31%,5,FALL
18-34,True,10,1,0.5,26%,5,FALL
55+,True,10,1,0.5,20%,5,SUMMER
35-54,True,10,1,0.5,27%,5,SUMMER
18-34,True,10,1,0.5,30%,5,SUMMER
55+,True,10,1,0.5,37%,5,SPRING
35-54,True,10,1,0.5,25%,5,SPRING
18-34,True,10,1,0.5,20%,5,SPRING
55+,True,1,1,0.51,4%,6,WINTER
35-54,True,1,1,0.51,6%,6,WINTER
18-34,True,1,1,0.51,13%,6,WINTER
55+,True,1,1,0.51,30%,6,FALL
35-54,True,1,1,0.51,31%,6,FALL
18-34,True,1,1,0.51,26%,6,FALL
55+,True,1,1,0.51,20%,6,SUMMER
35-54,True,1,1,0.51,27%,6,SUMMER
18-34,True,1,1,0.51,30%,6,SUMMER
55+,True,1,1,0.51,37%,6,SPRING
35-54,True,1,1,0.51,25%,6,SPRING
18-34,True,1,1,0.51,20%,6,SPRING
55+,True,2,1,0.52,4%,6,WINTER
35-54,True,2,1,0.52,6%,6,WINTER
18-34,True,2,1,0.52,13%,6,WINTER
55+,True,2,1,0.52,30%,6,FALL
35-54,True,2,1,0.52,31%,6,FALL
18-34,True,2,1,0.52,26%,6,FALL
55+,True,2,1,0.52,20%,6,SUMMER
35-54,True,2,1,0.52,27%,6,SUMMER
18-34,True,2,1,0.52,30%,6,SUMMER
55+,True,2,1,0.52,37%,6,SPRING
35-54,True,2,1,0.52,25%,6,SPRING
18-34,True,2,1,0.52,20%,6,SPRING
55+,True,3,1,0.53,4%,6,WINTER
35-54,True,3,1,0.53,6%,6,WINTER
18-34,True,3,1,0.53,13%,6,WINTER
55+,True,3,1,0.53,30%,6,FALL
35-54,True,3,1,0.53,31%,6,FALL
18-34,True,3,1,0.53,26%,6,FALL
55+,True,3,1,0.53,20%,6,SUMMER
35-54,True,3,1,0.53,27%,6,SUMMER
18-34,True,3,1,0.53,30%,6,SUMMER
55+,True,3,1,0.53,37%,6,SPRING
35-54,True,3,1,0.53,25%,6,SPRING
18-34,True,3,1,0.53,20%,6,SPRING
55+,True,4,1,0.54,4%,6,WINTER
35-54,True,4,1,0.54,6%,6,WINTER
18-34,True,4,1,0.54,13%,6,WINTER
55+,True,4,1,0.54,30%,6,FALL
35-54,True,4,1,0.54,31%,6,FALL
18-34,True,4,1,0.54,26%,6,FALL
55+,True,4,1,0.54,20%,6,SUMMER
35-54,True,4,1,0.54,27%,6,SUMMER
18-34,True,4,1,0.54,30%,6,SUMMER
55+,True,4,1,0.54,37%,6,SPRING
35-54,True,4,1,0.54,25%,6,SPRING
18-34,True,4,1,0.54,20%,6,SPRING
55+,True,5,1,0.55,4%,6,WINTER
35-54,True,5,1,0.55,6%,6,WINTER
18-34,True,5,1,0.55,13%,6,WINTER
55+,True,5,1,0.55,30%,6,FALL
35-54,True,5,1,0.55,31%,6,FALL
18-34,True,5,1,0.55,26%,6,FALL
55+,True,5,1,0.55,20%,6,SUMMER
35-54,True,5,1,0.55,27%,6,SUMMER
18-34,True,5,1,0.55,30%,6,SUMMER
55+,True,5,1,0.55,37%,6,SPRING
35-54,True,5,1,0.55,25%,6,SPRING
18-34,True,5,1,0.55,20%,6,SPRING
55+,True,6,1,0.56,4%,6,WINTER
35-54,True,6,1,0.56,6%,6,WINTER
18-34,True,6,1,0.56,13%,6,WINTER
55+,True,6,1,0.56,30%,6,FALL
35-54,True,6,1,0.56,31%,6,FALL
18-34,True,6,1,0.56,26%,6,FALL
55+,True,6,1,0.56,20%,6,SUMMER
35-54,True,6,1,0.56,27%,6,SUMMER
18-34,True,6,1,0.56,30%,6,SUMMER
55+,True,6,1,0.56,37%,6,SPRING
35-54,True,6,1,0.56,25%,6,SPRING
18-34,True,6,1,0.56,20%,6,SPRING
55+,True,7,1,0.57,4%,6,WINTER
35-54,True,7,1,0.57,6%,6,WINTER
18-34,True,7,1,0.57,13%,6,WINTER
55+,True,7,1,0.57,30%,6,FALL
35-54,True,7,1,0.57,31%,6,FALL
18-34,True,7,1,0.57,26%,6,FALL
55+,True,7,1,0.57,20%,6,SUMMER
35-54,True,7,1,0.57,27%,6,SUMMER
18-34,True,7,1,0.57,30%,6,SUMMER
55+,True,7,1,0.57,37%,6,SPRING
35-54,True,7,1,0.57,25%,6,SPRING
18-34,True,7,1,0.57,20%,6,SPRING
55+,True,8,1,0.58,4%,6,WINTER
35-54,True,8,1,0.58,6%,6,WINTER
18-34,True,8,1,0.58,13%,6,WINTER
55+,True,8,1,0.58,30%,6,FALL
35-54,True,8,1,0.58,31%,6,FALL
18-34,True,8,1,0.58,26%,6,FALL
55+,True,8,1,0.58,20%,6,SUMMER
35-54,True,8,1,0.58,27%,6,SUMMER
18-34,True,8,1,0.58,30%,6,SUMMER
55+,True,8,1,0.58,37%,6,SPRING
35-54,True,8,1,0.58,25%,6,SPRING
18-34,True,8,1,0.58,20%,6,SPRING
55+,True,9,1,0.59,4%,6,WINTER
35-54,True,9,1,0.59,6%,6,WINTER
18-34,True,9,1,0.59,13%,6,WINTER
55+,True,9,1,0.59,30%,6,FALL
35-54,True,9,1,0.59,31%,6,FALL
18-34,True,9,1,0.59,26%,6,FALL
55+,True,9,1,0.59,20%,6,SUMMER
35-54,True,9,1,0.59,27%,6,SUMMER
18-34,True,9,1,0.59,30%,6,SUMMER
55+,True,9,1,0.59,37%,6,SPRING
35-54,True,9,1,0.59,25%,6,SPRING
18-34,True,9,1,0.59,20%,6,SPRING
55+,True,10,1,0.6,4%,6,WINTER
35-54,True,10,1,0.6,6%,6,WINTER
18-34,True,10,1,0.6,13%,6,WINTER
55+,True,10,1,0.6,30%,6,FALL
35-54,True,10,1,0.6,31%,6,FALL
18-34,True,10,1,0.6,26%,6,FALL
55+,True,10,1,0.6,20%,6,SUMMER
35-54,True,10,1,0.6,27%,6,SUMMER
18-34,True,10,1,0.6,30%,6,SUMMER
55+,True,10,1,0.6,37%,6,SPRING
35-54,True,10,1,0.6,25%,6,SPRING
18-34,True,10,1,0.6,20%,6,SPRING
55+,True,1,1,0.61,4%,7,WINTER
35-54,True,1,1,0.61,6%,7,WINTER
18-34,True,1,1,0.61,13%,7,WINTER
55+,True,1,1,0.61,30%,7,FALL
35-54,True,1,1,0.61,31%,7,FALL
18-34,True,1,1,0.61,26%,7,FALL
55+,True,1,1,0.61,20%,7,SUMMER
35-54,True,1,1,0.61,27%,7,SUMMER
18-34,True,1,1,0.61,30%,7,SUMMER
55+,True,1,1,0.61,37%,7,SPRING
35-54,True,1,1,0.61,25%,7,SPRING
18-34,True,1,1,0.61,20%,7,SPRING
55+,True,2,1,0.62,4%,7,WINTER
35-54,True,2,1,0.62,6%,7,WINTER
18-34,True,2,1,0.62,13%,7,WINTER
55+,True,2,1,0.62,30%,7,FALL
35-54,True,2,1,0.62,31%,7,FALL
18-34,True,2,1,0.62,26%,7,FALL
55+,True,2,1,0.62,20%,7,SUMMER
35-54,True,2,1,0.62,27%,7,SUMMER
18-34,True,2,1,0.62,30%,7,SUMMER
55+,True,2,1,0.62,37%,7,SPRING
35-54,True,2,1,0.62,25%,7,SPRING
18-34,True,2,1,0.62,20%,7,SPRING
55+,True,3,1,0.63,4%,7,WINTER
35-54,True,3,1,0.63,6%,7,WINTER
18-34,True,3,1,0.63,13%,7,WINTER
55+,True,3,1,0.63,30%,7,FALL
35-54,True,3,1,0.63,31%,7,FALL
18-34,True,3,1,0.63,26%,7,FALL
55+,True,3,1,0.63,20%,7,SUMMER
35-54,True,3,1,0.63,27%,7,SUMMER
18-34,True,3,1,0.63,30%,7,SUMMER
55+,True,3,1,0.63,37%,7,SPRING
35-54,True,3,1,0.63,25%,7,SPRING
18-34,True,3,1,0.63,20%,7,SPRING
55+,True,4,1,0.64,4%,7,WINTER
35-54,True,4,1,0.64,6%,7,WINTER
18-34,True,4,1,0.64,13%,7,WINTER
55+,True,4,1,0.64,30%,7,FALL
35-54,True,4,1,0.64,31%,7,FALL
18-34,True,4,1,0.64,26%,7,FALL
55+,True,4,1,0.64,20%,7,SUMMER
35-54,True,4,1,0.64,27%,7,SUMMER
18-34,True,4,1,0.64,30%,7,SUMMER
55+,True,4,1,0.64,37%,7,SPRING
35-54,True,4,1,0.64,25%,7,SPRING
18-34,True,4,1,0.64,20%,7,SPRING
55+,True,5,1,0.65,4%,7,WINTER
35-54,True,5,1,0.65,6%,7,WINTER
18-34,True,5,1,0.65,13%,7,WINTER
55+,True,5,1,0.65,30%,7,FALL
35-54,True,5,1,0.65,31%,7,FALL
18-34,True,5,1,0.65,26%,7,FALL
55+,True,5,1,0.65,20%,7,SUMMER
35-54,True,5,1,0.65,27%,7,SUMMER
18-34,True,5,1,0.65,30%,7,SUMMER
55+,True,5,1,0.65,37%,7,SPRING
35-54,True,5,1,0.65,25%,7,SPRING
18-34,True,5,1,0.65,20%,7,SPRING
55+,True,6,1,0.66,4%,7,WINTER
35-54,True,6,1,0.66,6%,7,WINTER
18-34,True,6,1,0.66,13%,7,WINTER
55+,True,6,1,0.66,30%,7,FALL
35-54,True,6,1,0.66,31%,7,FALL
18-34,True,6,1,0.66,26%,7,FALL
55+,True,6,1,0.66,20%,7,SUMMER
35-54,True,6,1,0.66,27%,7,SUMMER
18-34,True,6,1,0.66,30%,7,SUMMER
55+,True,6,1,0.66,37%,7,SPRING
35-54,True,6,1,0.66,25%,7,SPRING
18-34,True,6,1,0.66,20%,7,SPRING
55+,True,7,1,0.67,4%,7,WINTER
35-54,True,7,1,0.67,6%,7,WINTER
18-34,True,7,1,0.67,13%,7,WINTER
55+,True,7,1,0.67,30%,7,FALL
35-54,True,7,1,0.67,31%,7,FALL
18-34,True,7,1,0.67,26%,7,FALL
55+,True,7,1,0.67,20%,7,SUMMER
35-54,True,7,1,0.67,27%,7,SUMMER
18-34,True,7,1,0.67,30%,7,SUMMER
55+,True,7,1,0.67,37%,7,SPRING
35-54,True,7,1,0.67,25%,7,SPRING
18-34,True,7,1,0.67,20%,7,SPRING
55+,True,8,1,0.68,4%,7,WINTER
35-54,True,8,1,0.68,6%,7,WINTER
18-34,True,8,1,0.68,13%,7,WINTER
55+,True,8,1,0.68,30%,7,FALL
35-54,True,8,1,0.68,31%,7,FALL
18-34,True,8,1,0.68,26%,7,FALL
55+,True,8,1,0.68,20%,7,SUMMER
35-54,True,8,1,0.68,27%,7,SUMMER
18-34,True,8,1,0.68,30%,7,SUMMER
55+,True,8,1,0.68,37%,7,SPRING
35-54,True,8,1,0.68,25%,7,SPRING
18-34,True,8,1,0.68,20%,7,SPRING
55+,True,9,1,0.69,4%,7,WINTER
35-54,True,9,1,0.69,6%,7,WINTER
18-34,True,9,1,0.69,13%,7,WINTER
55+,True,9,1,0.69,30%,7,FALL
35-54,True,9,1,0.69,31%,7,FALL
18-34,True,9,1,0.69,26%,7,FALL
55+,True,9,1,0.69,20%,7,SUMMER
35-54,True,9,1,0.69,27%,7,SUMMER
18-34,True,9,1,0.69,30%,7,SUMMER
55+,True,9,1,0.69,37%,7,SPRING
35-54,True,9,1,0.69,25%,7,SPRING
18-34,True,9,1,0.69,20%,7,SPRING
55+,True,10,1,0.7,4%,7,WINTER
35-54,True,10,1,0.7,6%,7,WINTER
18-34,True,10,1,0.7,13%,7,WINTER
55+,True,10,1,0.7,30%,7,FALL
35-54,True,10,1,0.7,31%,7,FALL
18-34,True,10,1,0.7,26%,7,FALL
55+,True,10,1,0.7,20%,7,SUMMER
35-54,True,10,1,0.7,27%,7,SUMMER
18-34,True,10,1,0.7,30%,7,SUMMER
55+,True,10,1,0.7,37%,7,SPRING
35-54,True,10,1,0.7,25%,7,SPRING
18-34,True,10,1,0.7,20%,7,SPRING
55+,True,1,1,0.71,4%,8,WINTER
35-54,True,1,1,0.71,6%,8,WINTER
18-34,True,1,1,0.71,13%,8,WINTER
55+,True,1,1,0.71,30%,8,FALL
35-54,True,1,1,0.71,31%,8,FALL
18-34,True,1,1,0.71,26%,8,FALL
55+,True,1,1,0.71,20%,8,SUMMER
35-54,True,1,1,0.71,27%,8,SUMMER
18-34,True,1,1,0.71,30%,8,SUMMER
55+,True,1,1,0.71,37%,8,SPRING
35-54,True,1,1,0.71,25%,8,SPRING
18-34,True,1,1,0.71,20%,8,SPRING
55+,True,2,1,0.72,4%,8,WINTER
35-54,True,2,1,0.72,6%,8,WINTER
18-34,True,2,1,0.72,13%,8,WINTER
55+,True,2,1,0.72,30%,8,FALL
35-54,True,2,1,0.72,31%,8,FALL
18-34,True,2,1,0.72,26%,8,FALL
55+,True,2,1,0.72,20%,8,SUMMER
35-54,True,2,1,0.72,27%,8,SUMMER
18-34,True,2,1,0.72,30%,8,SUMMER
55+,True,2,1,0.72,37%,8,SPRING
35-54,True,2,1,0.72,25%,8,SPRING
18-34,True,2,1,0.72,20%,8,SPRING
55+,True,3,1,0.73,4%,8,WINTER
35-54,True,3,1,0.73,6%,8,WINTER
18-34,True,3,1,0.73,13%,8,WINTER
55+,True,3,1,0.73,30%,8,FALL
35-54,True,3,1,0.73,31%,8,FALL
18-34,True,3,1,0.73,26%,8,FALL
55+,True,3,1,0.73,20%,8,SUMMER
35-54,True,3,1,0.73,27%,8,SUMMER
18-34,True,3,1,0.73,30%,8,SUMMER
55+,True,3,1,0.73,37%,8,SPRING
35-54,True,3,1,0.73,25%,8,SPRING
18-34,True,3,1,0.73,20%,8,SPRING
55+,True,4,1,0.74,4%,8,WINTER
35-54,True,4,1,0.74,6%,8,WINTER
18-34,True,4,1,0.74,13%,8,WINTER
55+,True,4,1,0.74,30%,8,FALL
35-54,True,4,1,0.74,31%,8,FALL
18-34,True,4,1,0.74,26%,8,FALL
55+,True,4,1,0.74,20%,8,SUMMER
35-54,True,4,1,0.74,27%,8,SUMMER
18-34,True,4,1,0.74,30%,8,SUMMER
55+,True,4,1,0.74,37%,8,SPRING
35-54,True,4,1,0.74,25%,8,SPRING
18-34,True,4,1,0.74,20%,8,SPRING
55+,True,5,1,0.75,4%,8,WINTER
35-54,True,5,1,0.75,6%,8,WINTER
18-34,True,5,1,0.75,13%,8,WINTER
55+,True,5,1,0.75,30%,8,FALL
35-54,True,5,1,0.75,31%,8,FALL
18-34,True,5,1,0.75,26%,8,FALL
55+,True,5,1,0.75,20%,8,SUMMER
35-54,True,5,1,0.75,27%,8,SUMMER
18-34,True,5,1,0.75,30%,8,SUMMER
55+,True,5,1,0.75,37%,8,SPRING
35-54,True,5,1,0.75,25%,8,SPRING
18-34,True,5,1,0.75,20%,8,SPRING
55+,True,6,1,0.76,4%,8,WINTER
35-54,True,6,1,0.76,6%,8,WINTER
18-34,True,6,1,0.76,13%,8,WINTER
55+,True,6,1,0.76,30%,8,FALL
35-54,True,6,1,0.76,31%,8,FALL
18-34,True,6,1,0.76,26%,8,FALL
55+,True,6,1,0.76,20%,8,SUMMER
35-54,True,6,1,0.76,27%,8,SUMMER
18-34,True,6,1,0.76,30%,8,SUMMER
55+,True,6,1,0.76,37%,8,SPRING
35-54,True,6,1,0.76,25%,8,SPRING
18-34,True,6,1,0.76,20%,8,SPRING
55+,True,7,1,0.77,4%,8,WINTER
35-54,True,7,1,0.77,6%,8,WINTER
18-34,True,7,1,0.77,13%,8,WINTER
55+,True,7,1,0.77,30%,8,FALL
35-54,True,7,1,0.77,31%,8,FALL
18-34,True,7,1,0.77,26%,8,FALL
55+,True,7,1,0.77,20%,8,SUMMER
35-54,True,7,1,0.77,27%,8,SUMMER
18-34,True,7,1,0.77,30%,8,SUMMER
55+,True,7,1,0.77,37%,8,SPRING
35-54,True,7,1,0.77,25%,8,SPRING
18-34,True,7,1,0.77,20%,8,SPRING
55+,True,8,1,0.78,4%,8,WINTER
35-54,True,8,1,0.78,6%,8,WINTER
18-34,True,8,1,0.78,13%,8,WINTER
55+,True,8,1,0.78,30%,8,FALL
35-54,True,8,1,0.78,31%,8,FALL
18-34,True,8,1,0.78,26%,8,FALL
55+,True,8,1,0.78,20%,8,SUMMER
35-54,True,8,1,0.78,27%,8,SUMMER
18-34,True,8,1,0.78,30%,8,SUMMER
55+,True,8,1,0.78,37%,8,SPRING
35-54,True,8,1,0.78,25%,8,SPRING
18-34,True,8,1,0.78,20%,8,SPRING
55+,True,9,1,0.79,4%,8,WINTER
35-54,True,9,1,0.79,6%,8,WINTER
18-34,True,9,1,0.79,13%,8,WINTER
55+,True,9,1,0.79,30%,8,FALL
35-54,True,9,1,0.79,31%,8,FALL
18-34,True,9,1,0.79,26%,8,FALL
55+,True,9,1,0.79,20%,8,SUMMER
35-54,True,9,1,0.79,27%,8,SUMMER
18-34,True,9,1,0.79,30%,8,SUMMER
55+,True,9,1,0.79,37%,8,SPRING
35-54,True,9,1,0.79,25%,8,SPRING
18-34,True,9,1,0.79,20%,8,SPRING
55+,True,10,1,0.8,4%,8,WINTER
35-54,True,10,1,0.8,6%,8,WINTER
18-34,True,10,1,0.8,13%,8,WINTER
55+,True,10,1,0.8,30%,8,FALL
35-54,True,10,1,0.8,31%,8,FALL
18-34,True,10,1,0.8,26%,8,FALL
55+,True,10,1,0.8,20%,8,SUMMER
35-54,True,10,1,0.8,27%,8,SUMMER
18-34,True,10,1,0.8,30%,8,SUMMER
55+,True,10,1,0.8,37%,8,SPRING
35-54,True,10,1,0.8,25%,8,SPRING
18-34,True,10,1,0.8,20%,8,SPRING
55+,True,1,1,0.81,4%,9,WINTER
35-54,True,1,1,0.81,6%,9,WINTER
18-34,True,1,1,0.81,13%,9,WINTER
55+,True,1,1,0.81,30%,9,FALL
35-54,True,1,1,0.81,31%,9,FALL
18-34,True,1,1,0.81,26%,9,FALL
55+,True,1,1,0.81,20%,9,SUMMER
35-54,True,1,1,0.81,27%,9,SUMMER
18-34,True,1,1,0.81,30%,9,SUMMER
55+,True,1,1,0.81,37%,9,SPRING
35-54,True,1,1,0.81,25%,9,SPRING
18-34,True,1,1,0.81,20%,9,SPRING
55+,True,2,1,0.82,4%,9,WINTER
35-54,True,2,1,0.82,6%,9,WINTER
18-34,True,2,1,0.82,13%,9,WINTER
55+,True,2,1,0.82,30%,9,FALL
35-54,True,2,1,0.82,31%,9,FALL
18-34,True,2,1,0.82,26%,9,FALL
55+,True,2,1,0.82,20%,9,SUMMER
35-54,True,2,1,0.82,27%,9,SUMMER
18-34,True,2,1,0.82,30%,9,SUMMER
55+,True,2,1,0.82,37%,9,SPRING
35-54,True,2,1,0.82,25%,9,SPRING
18-34,True,2,1,0.82,20%,9,SPRING
55+,True,3,1,0.83,4%,9,WINTER
35-54,True,3,1,0.83,6%,9,WINTER
18-34,True,3,1,0.83,13%,9,WINTER
55+,True,3,1,0.83,30%,9,FALL
35-54,True,3,1,0.83,31%,9,FALL
18-34,True,3,1,0.83,26%,9,FALL
55+,True,3,1,0.83,20%,9,SUMMER
35-54,True,3,1,0.83,27%,9,SUMMER
18-34,True,3,1,0.83,30%,9,SUMMER
55+,True,3,1,0.83,37%,9,SPRING
35-54,True,3,1,0.83,25%,9,SPRING
18-34,True,3,1,0.83,20%,9,SPRING
55+,True,4,1,0.84,4%,9,WINTER
35-54,True,4,1,0.84,6%,9,WINTER
18-34,True,4,1,0.84,13%,9,WINTER
55+,True,4,1,0.84,30%,9,FALL
18-34,True,4,1,0.84,26%,9,FALL
18-34,True,5,1,0.85,26%,9,FALL
18-34,True,6,1,0.86,26%,9,FALL
18-34,True,7,1,0.87,26%,9,FALL
18-34,True,8,1,0.88,26%,9,FALL
18-34,True,9,1,0.89,26%,9,FALL
18-34,True,10,1,0.9,26%,9,FALL
18-34,True,1,1,0.91,26%,10,FALL
18-34,True,2,1,0.92,26%,10,FALL
18-34,True,3,1,0.93,26%,10,FALL
18-34,True,4,1,0.94,26%,10,FALL
18-34,True,5,1,0.95,26%,10,FALL
18-34,True,6,1,0.96,26%,10,FALL
18-34,True,7,1,0.97,26%,10,FALL
18-34,True,8,1,0.98,26%,10,FALL
18-34,True,9,1,0.99,26%,10,FALL
18-34,True,10,1,1,26%,10,FALL
18-34,True,4,1,0.84,20%,9,SPRING
18-34,True,5,1,0.85,20%,9,SPRING
18-34,True,6,1,0.86,20%,9,SPRING
18-34,True,7,1,0.87,20%,9,SPRING
18-34,True,8,1,0.88,20%,9,SPRING
18-34,True,9,1,0.89,20%,9,SPRING
18-34,True,10,1,0.9,20%,9,SPRING
18-34,True,1,1,0.91,20%,10,SPRING
18-34,True,2,1,0.92,20%,10,SPRING
18-34,True,3,1,0.93,20%,10,SPRING
18-34,True,4,1,0.94,20%,10,SPRING
18-34,True,5,1,0.95,20%,10,SPRING
18-34,True,6,1,0.96,20%,10,SPRING
18-34,True,7,1,0.97,20%,10,SPRING
18-34,True,8,1,0.98,20%,10,SPRING
18-34,True,9,1,0.99,20%,10,SPRING
18-34,True,10,1,1,20%,10,SPRING
18-34,True,4,1,0.84,30%,9,SUMMER
18-34,True,5,1,0.85,30%,9,SUMMER
18-34,True,6,1,0.86,30%,9,SUMMER
18-34,True,7,1,0.87,30%,9,SUMMER
18-34,True,8,1,0.88,30%,9,SUMMER
18-34,True,9,1,0.89,30%,9,SUMMER
18-34,True,10,1,0.9,30%,9,SUMMER
18-34,True,1,1,0.91,30%,10,SUMMER
18-34,True,2,1,0.92,30%,10,SUMMER
18-34,True,3,1,0.93,30%,10,SUMMER
18-34,True,4,1,0.94,30%,10,SUMMER
18-34,True,5,1,0.95,30%,10,SUMMER
18-34,True,6,1,0.96,30%,10,SUMMER
18-34,True,7,1,0.97,30%,10,SUMMER
18-34,True,8,1,0.98,30%,10,SUMMER
18-34,True,9,1,0.99,30%,10,SUMMER
18-34,True,10,1,1,30%,10,SUMMER
18-34,True,5,1,0.85,13%,9,WINTER
18-34,True,6,1,0.86,13%,9,WINTER
18-34,True,7,1,0.87,13%,9,WINTER
18-34,True,8,1,0.88,13%,9,WINTER
18-34,True,9,1,0.89,13%,9,WINTER
18-34,True,10,1,0.9,13%,9,WINTER
18-34,True,1,1,0.91,13%,10,WINTER
18-34,True,2,1,0.92,13%,10,WINTER
18-34,True,3,1,0.93,13%,10,WINTER
18-34,True,4,1,0.94,13%,10,WINTER
18-34,True,5,1,0.95,13%,10,WINTER
18-34,True,6,1,0.96,13%,10,WINTER
18-34,True,7,1,0.97,13%,10,WINTER
18-34,True,8,1,0.98,13%,10,WINTER
18-34,True,9,1,0.99,13%,10,WINTER
18-34,True,10,1,1,13%,10,WINTER
35-54,True,4,1,0.84,31%,9,FALL
35-54,True,5,1,0.85,31%,9,FALL
35-54,True,6,1,0.86,31%,9,FALL
35-54,True,7,1,0.87,31%,9,FALL
35-54,True,8,1,0.88,31%,9,FALL
35-54,True,9,1,0.89,31%,9,FALL
35-54,True,10,1,0.9,31%,9,FALL
35-54,True,1,1,0.91,31%,10,FALL
35-54,True,2,1,0.92,31%,10,FALL
35-54,True,3,1,0.93,31%,10,FALL
35-54,True,4,1,0.94,31%,10,FALL
35-54,True,5,1,0.95,31%,10,FALL
35-54,True,6,1,0.96,31%,10,FALL
35-54,True,7,1,0.97,31%,10,FALL
35-54,True,8,1,0.98,31%,10,FALL
35-54,True,9,1,0.99,31%,10,FALL
35-54,True,10,1,1,31%,10,FALL
35-54,True,4,1,0.84,25%,9,SPRING
35-54,True,5,1,0.85,25%,9,SPRING
35-54,True,6,1,0.86,25%,9,SPRING
35-54,True,7,1,0.87,25%,9,SPRING
35-54,True,8,1,0.88,25%,9,SPRING
35-54,True,9,1,0.89,25%,9,SPRING
35-54,True,10,1,0.9,25%,9,SPRING
35-54,True,1,1,0.91,25%,10,SPRING
35-54,True,2,1,0.92,25%,10,SPRING
35-54,True,3,1,0.93,25%,10,SPRING
35-54,True,4,1,0.94,25%,10,SPRING
35-54,True,5,1,0.95,25%,10,SPRING
35-54,True,6,1,0.96,25%,10,SPRING
35-54,True,7,1,0.97,25%,10,SPRING
35-54,True,8,1,0.98,25%,10,SPRING
35-54,True,9,1,0.99,25%,10,SPRING
35-54,True,10,1,1,25%,10,SPRING
35-54,True,4,1,0.84,27%,9,SUMMER
35-54,True,5,1,0.85,27%,9,SUMMER
35-54,True,6,1,0.86,27%,9,SUMMER
35-54,True,7,1,0.87,27%,9,SUMMER
35-54,True,8,1,0.88,27%,9,SUMMER
35-54,True,9,1,0.89,27%,9,SUMMER
35-54,True,10,1,0.9,27%,9,SUMMER
35-54,True,1,1,0.91,27%,10,SUMMER
35-54,True,2,1,0.92,27%,10,SUMMER
35-54,True,3,1,0.93,27%,10,SUMMER
35-54,True,4,1,0.94,27%,10,SUMMER
35-54,True,5,1,0.95,27%,10,SUMMER
35-54,True,6,1,0.96,27%,10,SUMMER
35-54,True,7,1,0.97,27%,10,SUMMER
35-54,True,8,1,0.98,27%,10,SUMMER
35-54,True,9,1,0.99,27%,10,SUMMER
35-54,True,10,1,1,27%,10,SUMMER
35-54,True,5,1,0.85,6%,9,WINTER
35-54,True,6,1,0.86,6%,9,WINTER
35-54,True,7,1,0.87,6%,9,WINTER
35-54,True,8,1,0.88,6%,9,WINTER
35-54,True,9,1,0.89,6%,9,WINTER
35-54,True,10,1,0.9,6%,9,WINTER
35-54,True,1,1,0.91,6%,10,WINTER
35-54,True,2,1,0.92,6%,10,WINTER
35-54,True,3,1,0.93,6%,10,WINTER
35-54,True,4,1,0.94,6%,10,WINTER
35-54,True,5,1,0.95,6%,10,WINTER
35-54,True,6,1,0.96,6%,10,WINTER
35-54,True,7,1,0.97,6%,10,WINTER
35-54,True,8,1,0.98,6%,10,WINTER
35-54,True,9,1,0.99,6%,10,WINTER
35-54,True,10,1,1,6%,10,WINTER
55+,True,5,1,0.85,30%,9,FALL
55+,True,6,1,0.86,30%,9,FALL
55+,True,7,1,0.87,30%,9,FALL
55+,True,8,1,0.88,30%,9,FALL
55+,True,9,1,0.89,30%,9,FALL
55+,True,10,1,0.9,30%,9,FALL
55+,True,1,1,0.91,30%,10,FALL
55+,True,2,1,0.92,30%,10,FALL
55+,True,3,1,0.93,30%,10,FALL
55+,True,4,1,0.94,30%,10,FALL
55+,True,5,1,0.95,30%,10,FALL
55+,True,6,1,0.96,30%,10,FALL
55+,True,7,1,0.97,30%,10,FALL
55+,True,8,1,0.98,30%,10,FALL
55+,True,9,1,0.99,30%,10,FALL
55+,True,10,1,1,30%,10,FALL
55+,True,4,1,0.84,37%,9,SPRING
55+,True,5,1,0.85,37%,9,SPRING
55+,True,6,1,0.86,37%,9,SPRING
55+,True,7,1,0.87,37%,9,SPRING
55+,True,8,1,0.88,37%,9,SPRING
55+,True,9,1,0.89,37%,9,SPRING
55+,True,10,1,0.9,37%,9,SPRING
55+,True,1,1,0.91,37%,10,SPRING
55+,True,2,1,0.92,37%,10,SPRING
55+,True,3,1,0.93,37%,10,SPRING
55+,True,4,1,0.94,37%,10,SPRING
55+,True,5,1,0.95,37%,10,SPRING
55+,True,6,1,0.96,37%,10,SPRING
55+,True,7,1,0.97,37%,10,SPRING
55+,True,8,1,0.98,37%,10,SPRING
55+,True,9,1,0.99,37%,10,SPRING
55+,True,10,1,1,37%,10,SPRING
55+,True,4,1,0.84,20%,9,SUMMER
55+,True,5,1,0.85,20%,9,SUMMER
55+,True,6,1,0.86,20%,9,SUMMER
55+,True,7,1,0.87,20%,9,SUMMER
55+,True,8,1,0.88,20%,9,SUMMER
55+,True,9,1,0.89,20%,9,SUMMER
55+,True,10,1,0.9,20%,9,SUMMER
55+,True,1,1,0.91,20%,10,SUMMER
55+,True,2,1,0.92,20%,10,SUMMER
55+,True,3,1,0.93,20%,10,SUMMER
55+,True,4,1,0.94,20%,10,SUMMER
55+,True,5,1,0.95,20%,10,SUMMER
55+,True,6,1,0.96,20%,10,SUMMER
55+,True,7,1,0.97,20%,10,SUMMER
55+,True,8,1,0.98,20%,10,SUMMER
55+,True,9,1,0.99,20%,10,SUMMER
55+,True,10,1,1,20%,10,SUMMER
55+,True,5,1,0.85,4%,9,WINTER
55+,True,6,1,0.86,4%,9,WINTER
55+,True,7,1,0.87,4%,9,WINTER
55+,True,8,1,0.88,4%,9,WINTER
55+,True,9,1,0.89,4%,9,WINTER
55+,True,10,1,0.9,4%,9,WINTER
55+,True,1,1,0.91,4%,10,WINTER
55+,True,2,1,0.92,4%,10,WINTER
55+,True,3,1,0.93,4%,10,WINTER
55+,True,4,1,0.94,4%,10,WINTER
55+,True,5,1,0.95,4%,10,WINTER
55+,True,6,1,0.96,4%,10,WINTER
55+,True,7,1,0.97,4%,10,WINTER
55+,True,8,1,0.98,4%,10,WINTER
55+,True,9,1,0.99,4%,10,WINTER
55+,True,10,1,1,4%,10,WINTER
